<?xml version="1.0" encoding="UTF-8"?>
<project-private xmlns="http://www.netbeans.org/ns/project-private/1">
    <editor-bookmarks xmlns="http://www.netbeans.org/ns/editor-bookmarks/2" lastBookmarkId="0"/>
    <open-files xmlns="http://www.netbeans.org/ns/projectui-open-files/2">
        <group>
            <file>file:/C:/Projects/NetBeans/TodoHTMLJava/ViewModel/src/todo/viewmodel/resources/css/index.css</file>
            <file>file:/C:/Projects/NetBeans/TodoHTMLJava/ViewModel/src/todo/viewmodel/Tasks.html</file>
            <file>file:/C:/Projects/NetBeans/TodoHTMLJava/ViewModel/src/todo/viewmodel/TasksCntrl.java</file>
            <file>file:/C:/Projects/NetBeans/TodoHTMLJava/ViewModel/src/todo/model/impl/TaskManager.java</file>
        </group>
    </open-files>
</project-private>
