<?xml version="1.0" encoding="UTF-8"?>
<project xmlns="http://www.netbeans.org/ns/project/1">
    <type>org.netbeans.modules.apisupport.project</type>
    <configuration>
        <data xmlns="http://www.netbeans.org/ns/nb-module-project/3">
            <code-name-base>lib</code-name-base>
            <suite-component/>
            <module-dependencies/>
            <public-packages>
                <package>org.hsqldb</package>
                <package>org.jdesktop.swingx</package>
            </public-packages>
            <class-path-extension>
                <runtime-relative-path>ext/swingx-all-1.6.5-1.jar</runtime-relative-path>
                <binary-origin>release/modules/ext/swingx-all-1.6.5-1.jar</binary-origin>
            </class-path-extension>
            <class-path-extension>
                <runtime-relative-path>ext/hsqldb.jar</runtime-relative-path>
                <binary-origin>release/modules/ext/hsqldb.jar</binary-origin>
            </class-path-extension>
        </data>
    </configuration>
</project>
