<?xml version="1.0" encoding="UTF-8"?>
<!DOCTYPE filesystem PUBLIC "-//NetBeans//DTD Filesystem 1.2//EN" "http://www.netbeans.org/dtds/filesystem-1_2.dtd">
<filesystem>
    <folder name="Actions">
        <file name="Edit_hidden"/>
        <folder name="File">
            <file name="org-netbeans-modules-print-action-PageSetupAction.instance_hidden"/>
            <file name="org-netbeans-modules-print-action-PrintAction.instance_hidden"/>
        </folder>
        <file name="Help_hidden"/>
        <file name="Profile_hidden"/>
        <file name="System_hidden"/>
        <file name="View_hidden"/>
        <file name="Window_hidden"/>
    </folder>
    <folder name="Menu">
        <file name="Edit_hidden"/>
        <folder name="File">
            <file name="org-netbeans-core-actions-SystemExit.shadow_hidden"/>
            <file name="org-openide-actions-SaveAction.shadow_hidden"/>
            <file name="org-openide-actions-SaveAllAction.shadow_hidden"/>
            <file name="org-openide-actions-SaveAsAction.shadow_hidden"/>
        </folder>
        <file name="GoTo_hidden"/>
        <file name="Help_hidden"/>
        <file name="Tools_hidden"/>
        <file name="View_hidden"/>
        <file name="Window_hidden"/>
    </folder>
    <folder name="Toolbars">
        <file name="Clipboard_hidden"/>
        <folder name="File">
            <file name="org-openide-actions-SaveAllAction.shadow_hidden"/>
        </folder>
        <file name="Memory_hidden"/>
        <file name="Standard.xml_hidden"/>
        <file name="UndoRedo_hidden"/>
    </folder>
</filesystem>
